name,OverridePartnerSkillTextID,IsPal,Tribe,BPClass,Pictorial ID,ZukanIndexSuffix,Size,rarity,Element 1,Element 2,GenusCategory,Organization,weapon,WeaponEquip,HP,melee attack,Remote attack,defense,support,CraftSpeed,(being) damage multiplier,Capture probability,Experience multiplier,price,AIRResponse,AISightResponse,slow walking speed,walking speed,running speed,Riding sprint speed,Handling speed,IsBoss,IsTowerBoss,BattleBGM,IgnoreLeanBack,IgnoreBlowAway,MaxFullStomach,FullStomachDecreaseRate,FoodAmount,ViewingDistance,ViewingAngle,HearingRate,NooseTrap,Nocturnal,BiologicalGrade,Predator,Edible,endurance,Male probability,fecundity,Breathing fire,watering,planting,generate electricity,manual,collection,logging,Mining,OilExtraction (not shown in game),pharmaceutical,cool down,carry,pasture,Passive skill 1,Passive skill 2,Passive skill 3,Passive skill 4
"Alpaca","PARTNERSKILL_Alpaca",True,"Alpaca","BOSS_Alpaca",-1,"","XL",3,"Normal","None","FourLegged","None","None",False,90,90,90,90,100,100,"0,4","0,7",10,3040,"NotInterested","None",62,62,460,900,261,True,False,"FieldBoss",False,False,225,1,3,25,90,1,False,False,9,False,True,100,50,890,0,0,0,0,0,0,0,0,0,0,0,0,1,"None","None","None","None"
"AmaterasuWolf","PARTNERSKILL_AmaterasuWolf",True,"AmaterasuWolf","BOSS_AmaterasuWolf",-1,"","XL",6,"Fire","None","FourLegged","None","None",False,100,70,115,100,110,100,"0,2","0,7",10,3170,"Boss","None",80,130,700,1000,415,True,False,"FieldBoss",False,False,300,1,4,25,90,1,False,False,9,True,True,100,50,830,2,0,0,0,0,0,0,0,0,0,0,0,0,"None","None","None","None"
"BadCatgirl","PARTNERSKILL_BadCatgirl",True,"BadCatgirl","BOSS_BadCatgirl",-1,"","XL",0,"Dark","None","Humanoid","None","None",False,100,100,100,100,100,100,"0,2","0,7",10,4690,"Boss","None",-1,-1,-1,-1,-1,True,False,"FieldBoss",False,False,225,1,3,25,90,1,False,True,9,False,True,100,50,0,0,0,0,0,2,3,1,0,0,0,0,2,0,"None","None","None","None"
"Baphomet","PARTNERSKILL_Baphomet",True,"Baphomet","BOSS_Baphomet",-1,"","XL",4,"Fire","Dark","Humanoid","None","None",False,95,150,100,85,100,100,"0,2","0,7",10,4780,"Boss","None",80,160,700,960,320,True,False,"FieldBoss",False,False,300,1,4,25,90,1,False,True,9,True,True,100,50,590,1,0,0,0,2,0,0,1,0,0,0,2,0,"None","None","None","None"
"Baphomet_Dark","PARTNERSKILL_Baphomet_Dark",True,"Baphomet_Dark","BOSS_Baphomet_Dark",-1,"","XL",5,"Dark","None","Humanoid","None","None",False,95,150,105,85,100,100,"0,2","0,7",10,4870,"Boss","None",80,160,700,960,320,True,False,"FieldBoss",False,False,300,1,4,25,90,1,False,True,9,True,True,100,50,580,0,0,0,0,2,0,0,1,0,0,0,2,0,"None","None","None","None"
"Bastet","PARTNERSKILL_Bastet",True,"Bastet","BOSS_Bastet",-1,"","S",1,"Dark","None","FourLegged","None","None",False,70,70,60,70,100,100,"0,4","0,7",10,1000,"NotInterested","None",52,105,475,550,317,True,False,"FieldBoss",False,False,100,1,1,25,90,1,False,True,9,False,True,100,50,1480,0,0,0,0,0,0,0,0,0,0,0,0,1,"None","None","None","None"
"Bastet_Ice","PARTNERSKILL_Bastet_Ice",True,"Bastet_Ice","BOSS_Bastet_Ice",-1,"","S",2,"Ice","None","FourLegged","None","None",False,70,70,65,70,100,100,"0,2","0,7",10,1010,"NotInterested","None",52,105,475,550,317,True,False,"FieldBoss",False,False,100,1,1,25,90,1,False,False,9,False,True,100,50,1440,0,0,0,0,0,0,0,0,0,0,1,0,1,"None","None","None","None"
"BeardedDragon","PARTNERSKILL_BeardedDragon",True,"BeardedDragon","BeardedDragon",-1,"","XL",0,"Dragon","None","Dragon","None","None",False,100,100,100,100,100,100,"0,2","0,7",10,9970,"Boss","None",-1,-1,-1,-1,-1,True,False,"FieldBoss",False,False,600,1,9,25,90,1,False,False,9,True,True,100,50,0,0,0,0,0,0,0,0,0,0,0,0,0,0,"None","None","None","None"
"BerryGoat","PARTNERSKILL_BerryGoat",True,"BerryGoat","BOSS_BerryGoat",-1,"","M",3,"Leaf","None","FourLegged","None","None",False,100,70,70,90,120,100,"0,4","0,7",10,2510,"NotInterested","None",70,70,400,550,235,True,False,"FieldBoss",False,False,300,1,4,25,90,1,False,False,9,False,True,100,50,930,0,0,2,0,0,0,0,0,0,0,0,0,1,"None","None","None","None"
"BlackFurDragon","PARTNERSKILL_BlackFurDragon",True,"BlackFurDragon","BOSS_BlackFurDragon",-1,"","XL",10,"Dark","Dragon","Humanoid","None","None",False,130,100,130,110,100,100,"0,2","0,7",10,8440,"Boss","None",55,110,560,800,335,True,False,"FieldBoss",False,False,525,1,8,25,90,1,False,True,9,True,True,100,50,0,0,0,0,0,0,0,0,0,0,0,0,3,0,"None","None","None","None"
"BlueberryFairy","PARTNERSKILL_BlueberryFairy",True,"BlueberryFairy","BOSS_BlueberryFairy",-1,"","XL",0,"Leaf","Dark","Humanoid","None","None",False,100,100,100,100,100,100,"0,2","0,7",10,8200,"Boss","None",-1,-1,-1,-1,-1,True,False,"FieldBoss",False,False,225,1,3,25,90,1,False,False,9,False,True,100,50,0,0,0,2,0,1,2,0,0,0,3,0,1,0,"None","None","None","None"
"BlueDragon","PARTNERSKILL_BlueDragon",True,"BlueDragon","BOSS_BlueDragon",-1,"","XL",7,"Water","Dragon","Fish","None","None",False,110,70,100,100,100,100,"0,2","0,7",10,5600,"Boss","None",75,150,600,900,350,True,False,"FieldBoss",False,False,400,1,6,25,90,1,False,False,9,False,True,100,50,500,0,3,0,0,0,0,0,0,0,0,0,0,0,"None","None","None","None"
"BluePlatypus","PARTNERSKILL_BluePlatypus",True,"Blueplatypus","BOSS_Blueplatypus",-1,"","M",1,"Water","None","Humanoid","None","None",False,60,80,80,60,100,100,"0,4","0,77",10,1120,"NotInterested","None",70,105,300,400,202,True,False,"FieldBoss",False,False,150,1,2,25,90,1,False,False,9,False,True,100,50,1330,0,1,0,0,1,0,0,0,0,0,0,1,0,"None","None","None","None"
"Boar","PARTNERSKILL_Boar",True,"Boar","BOSS_Boar",-1,"","XL",1,"Earth","None","FourLegged","None","None",False,80,100,70,70,100,100,"0,4","0,7",10,1610,"Boss","None",70,150,450,800,300,True,False,"FieldBoss",False,False,225,1,3,25,90,1,False,False,9,True,True,100,50,1130,0,0,0,0,0,0,0,1,0,0,0,0,0,"None","None","None","None"
"BrownRabbit","PARTNERSKILL_BrownRabbit",True,"BrownRabbit","BOSS_BrownRabbit",-1,"","XL",0,"Earth","None","Humanoid","None","None",False,100,100,100,100,100,100,"0,2","0,7",10,2350,"Boss","None",-1,-1,-1,-1,-1,True,False,"FieldBoss",False,False,225,1,3,25,90,1,False,False,9,False,True,100,50,0,0,0,0,0,2,2,0,1,1,0,0,1,0,"None","None","None","None"
"CaptainPenguin","PARTNERSKILL_CaptainPenguin",True,"CaptainPenguin","BOSS_CaptainPenguin",-1,"","XL",6,"Water","Ice","Humanoid","None","None",False,95,70,95,95,100,100,"0,4","0,7",10,5410,"Boss","None",50,110,450,600,280,True,False,"FieldBoss",False,False,525,1,8,25,90,1,False,False,9,False,True,100,50,520,0,2,0,0,2,0,0,2,0,0,2,2,0,"None","None","None","None"
"Carbunclo","PARTNERSKILL_Carbunclo",True,"Carbunclo","BOSS_Carbunclo",-1,"","S",1,"Leaf","None","Humanoid","None","None",False,75,70,70,70,100,100,"0,4","0,63",10,1010,"NotInterested","None",20,40,400,550,250,True,False,"FieldBoss",False,False,100,1,1,25,90,1,False,False,9,False,True,100,50,1430,0,0,1,0,1,1,1,0,0,1,0,0,0,"None","None","None","None"
"CatBat","PARTNERSKILL_CatBat",True,"CatBat","BOSS_CatBat",-1,"","XL",5,"Dark","None","Humanoid","None","None",False,95,100,95,80,100,100,"0,4","0,7",10,3810,"Boss","None",80,140,400,550,270,True,False,"FieldBoss",False,False,350,1,5,25,90,1,False,True,9,False,True,100,50,750,0,0,0,0,0,2,0,2,0,0,0,2,0,"None","None","None","None"
"CatMage","PARTNERSKILL_CatMage",True,"CatMage","BOSS_CatMage",-1,"","XL",6,"Dark","None","Humanoid","None","None",False,90,100,105,90,100,100,"0,2","0,7",10,4120,"Boss","None",70,145,440,620,292,True,False,"FieldBoss",False,False,350,1,5,25,90,1,False,True,9,False,True,100,50,700,0,0,0,0,2,0,0,0,0,2,0,2,0,"None","None","None","None"
"CatVampire","PARTNERSKILL_CatVampire",True,"CatVampire","BOSS_CatVampire",-1,"","XL",6,"Dark","None","Humanoid","None","None",False,100,100,105,110,110,100,"0,2","0,7",10,2100,"Boss","None",60,100,550,700,325,True,False,"FieldBoss",False,False,350,1,5,25,90,1,False,True,9,False,True,100,50,1010,0,0,0,0,0,0,0,0,0,3,0,0,0,"None","None","None","None"
"ChickenPal","PARTNERSKILL_ChickenPal",True,"ChickenPal","BOSS_ChickenPal",-1,"","M",1,"Normal","None","Bird","None","None",False,60,70,60,60,100,100,"0,4","1,05",10,1000,"NotInterested","None",50,50,375,550,212,True,False,"FieldBoss",False,False,100,1,1,25,90,1,False,False,9,False,True,100,50,1500,0,0,0,0,0,1,0,0,0,0,0,0,1,"None","None","None","None"
"ColorfulBird","PARTNERSKILL_ColorfulBird",True,"ColorfulBird","BOSS_ColorfulBird",-1,"","XL",1,"Normal","None","Bird","None","None",False,60,80,75,70,100,100,"0,4","0,7",10,1090,"Boss","None",30,60,300,550,170,True,False,"FieldBoss",False,False,150,1,2,25,90,1,False,False,9,True,True,100,50,1340,0,0,0,0,0,1,0,0,0,0,0,0,0,"None","None","None","None"
"CowPal","PARTNERSKILL_CowPal",True,"CowPal","BOSS_CowPal",-1,"","M",2,"Normal","None","FourLegged","None","None",False,90,100,50,80,100,100,"0,2","0,7",10,2620,"NotInterested","None",55,55,580,700,317,True,False,"FieldBoss",False,False,225,1,3,25,90,1,False,False,9,False,True,100,20,910,0,0,0,0,0,0,0,0,0,0,0,0,1,"None","None","None","None"
"CuteButterfly","PARTNERSKILL_CuteButterfly",True,"CuteButterfly","BOSS_CuteButterfly",-1,"","XL",4,"Leaf","None","Bird","None","None",False,70,100,80,80,100,100,"0,2","0,7",10,5700,"NotInterested","None",30,150,550,700,350,True,False,"FieldBoss",False,False,225,1,3,25,90,1,False,False,9,False,True,100,50,490,0,0,2,0,0,0,0,0,0,1,0,0,0,"None","None","None","None"
"CuteFox","PARTNERSKILL_CuteFox",True,"CuteFox","BOSS_CuteFox",-1,"","M",2,"Normal","None","FourLegged","None","None",False,70,70,70,70,140,100,"0,4","0,91",10,1000,"NotInterested","None",30,60,350,450,190,True,False,"FieldBoss",False,False,100,1,1,25,90,1,False,False,9,False,True,100,50,1450,0,0,0,0,0,1,0,0,0,0,0,0,1,"None","None","None","None"
"CuteMole","PARTNERSKILL_CuteMole",True,"CuteMole","BOSS_CuteMole",-1,"","M",1,"Earth","None","Humanoid","None","None",False,65,100,80,50,100,100,"0,4","0,7",10,1360,"NotInterested","None",30,60,300,550,240,True,False,"FieldBoss",False,False,150,1,2,25,90,1,False,False,9,False,True,100,50,1220,0,0,0,0,1,0,0,1,0,0,0,1,0,"None","None","None","None"
"DarkCrow","PARTNERSKILL_DarkCrow",True,"DarkCrow","BOSS_DarkCrow",-1,"","XL",3,"Dark","None","Bird","None","None",False,75,80,95,80,100,100,"0,2","0,7",10,1840,"Boss","None",85,170,920,1200,545,True,False,"FieldBoss",False,False,350,1,5,25,90,1,False,True,9,True,True,100,50,1080,0,0,0,0,0,0,1,0,0,0,0,0,0,"None","None","None","None"
"DarkMutant","PARTNERSKILL_DarkMutant",True,"DarkMutant","BOSS_DarkMutant",-1,"","XL",5,"Dark","None","Humanoid","None","None",False,100,100,100,100,100,100,"0,2","0,7",10,3960,"Boss","None",100,150,550,700,350,True,False,"FieldBoss",False,False,525,1,8,25,90,1,False,True,9,False,True,100,50,0,0,0,0,0,3,0,0,0,0,3,0,2,0,"None","None","None","None"
"DarkScorpion","PARTNERSKILL_DarkScorpion",True,"DarkScorpion","BOSS_DarkScorpion",-1,"","XL",9,"Dark","Earth","Other","None","None",False,100,100,100,130,100,100,"0,2","0,7",10,7050,"Boss","None",100,200,1000,1200,600,True,False,"FieldBoss",False,False,475,1,7,25,90,1,False,True,9,True,True,100,50,260,0,0,0,0,0,0,2,3,0,0,0,0,0,"None","None","None","None"
"Deer","PARTNERSKILL_Deer",True,"Deer","BOSS_Deer",-1,"","XL",4,"Normal","None","FourLegged","None","None",False,95,70,80,80,100,100,"0,4","0,7",10,2620,"Boss","None",80,120,700,1000,390,True,False,"FieldBoss",False,False,350,1,5,25,90,1,False,False,9,False,True,100,50,920,0,0,0,0,0,0,2,0,0,0,0,0,0,"None","None","None","None"
"Deer_Ground","PARTNERSKILL_Deer_Ground",True,"Deer_Ground","BOSS_Deer_Ground",-1,"","XL",6,"Earth","None","FourLegged","None","None",False,95,70,80,80,100,100,"0,2","0,7",10,2680,"Boss","None",80,120,700,1000,390,True,False,"FieldBoss",False,False,350,1,5,25,90,1,False,False,9,False,True,100,50,900,0,0,0,0,0,0,2,0,0,0,0,0,0,"None","None","None","None"
"DreamDemon","PARTNERSKILL_DreamDemon",True,"DreamDemon","BOSS_DreamDemon",-1,"","XL",1,"Dark","None","Humanoid","None","None",False,70,100,75,60,100,100,"0,4","0,7",10,1330,"NotInterested","None",70,140,300,550,220,True,False,"FieldBoss",False,False,225,1,3,25,90,1,False,True,9,False,True,100,50,1230,0,0,0,0,1,1,0,0,0,0,0,1,0,"None","None","None","None"
"Eagle","PARTNERSKILL_Eagle",True,"Eagle","BOSS_Eagle",-1,"","XL",2,"Normal","None","Bird","None","None",False,75,120,85,60,100,100,"0,2","0,7",10,2010,"Boss","None",100,200,600,700,400,True,False,"FieldBoss",False,False,300,1,4,25,90,1,False,False,9,True,True,100,50,1030,0,0,0,0,0,2,0,0,0,0,0,0,0,"None","None","None","None"
"ElecCat","PARTNERSKILL_ElecCat",True,"ElecCat","BOSS_ElecCat",-1,"","S",1,"Electricity","None","Humanoid","None","None",False,60,60,80,70,80,100,"0,4","0,77",10,1030,"NotInterested","None",40,80,350,500,270,True,False,"FieldBoss",False,False,150,1,2,25,90,1,False,False,9,False,True,100,50,1410,0,0,0,1,1,0,0,0,0,0,0,1,0,"None","None","None","None"
"ElecLion","PARTNERSKILL_ElecLion",True,"ElecLion","BOSS_ElecLion",-1,"","XL",0,"Electricity","None","FourLegged","None","None",False,100,100,110,70,100,100,"0,2","0,7",10,4200,"Boss","None",85,85,800,1000,442,True,False,"FieldBoss",False,False,350,1,5,25,90,1,False,False,9,False,True,100,50,0,2,0,0,0,0,0,0,0,0,0,0,0,0,"None","None","None","None"
"ElecPanda","PARTNERSKILL_ElecPanda",True,"ElecPanda","BOSS_ElecPanda",-1,"","XL",8,"Electricity","None","Humanoid","None","None",False,105,120,100,100,100,100,"0,2","0,7",10,7720,"Boss","None",80,140,470,650,210,True,False,"FieldBoss",False,False,475,1,7,25,90,1,False,False,9,True,True,100,50,200,0,0,0,3,2,0,2,0,0,0,0,3,0,"None","None","None","None"
"FeatherOstrich","PARTNERSKILL_FeatherOstrich",True,"FeatherOstrich","BOSS_FeatherOstrich",-1,"","XL",0,"Earth","None","Other","None","None",False,100,100,100,100,100,100,"0,2","0,7",10,4610,"Boss","None",-1,-1,-1,-1,-1,True,False,"FieldBoss",False,False,300,1,4,25,90,1,False,False,9,False,True,100,50,0,0,0,0,0,0,2,0,0,0,0,0,0,0,"None","None","None","None"
"FengyunDeeper","PARTNERSKILL_FengyunDeeper",True,"FengyunDeeper","BOSS_FengyunDeeper",-1,"","XL",3,"Normal","None","FourLegged","None","None",False,110,110,110,90,100,100,"0,2","0,7",10,2250,"Boss","None",85,100,750,1150,417,True,False,"FieldBoss",False,False,400,1,6,25,90,1,False,False,9,False,True,100,50,980,0,0,0,0,0,0,2,0,0,0,0,0,0,"None","None","None","None"
"FireKirin","PARTNERSKILL_FireKirin",True,"FireKirin","BOSS_FireKirin",-1,"","XL",6,"Fire","None","FourLegged","None","None",False,100,110,95,90,100,100,"0,2","0,7",10,6720,"Boss","None",100,150,850,1400,500,True,False,"FieldBoss",False,False,350,1,5,25,90,1,False,False,9,False,True,100,50,360,2,0,0,0,0,0,1,0,0,0,0,0,0,"None","None","None","None"
"FireKirin_Dark","PARTNERSKILL_FireKirin_Dark",True,"FireKirin_Dark","BOSS_FireKirin_Dark",-1,"","XL",7,"Fire","Dark","FourLegged","None","None",False,100,110,95,90,100,100,"0,2","0,7",10,7270,"Boss","None",100,150,850,1400,500,True,False,"FieldBoss",False,False,350,1,5,25,90,1,False,True,9,False,True,100,50,240,2,0,0,0,0,0,1,0,0,0,0,0,0,"None","None","None","None"
"FlameBambi","PARTNERSKILL_FlameBambi",True,"FlameBambi","BOSS_FlameBambi",-1,"","S",2,"Fire","None","FourLegged","None","None",False,75,100,70,75,100,100,"0,4","0,77",10,2950,"NotInterested","None",70,100,400,550,-1,True,False,"FieldBoss",False,False,225,1,3,25,90,1,False,False,9,False,True,100,50,1155,1,0,0,0,0,0,0,0,0,0,0,0,0,"None","None","None","None"
"FlameBuffalo","PARTNERSKILL_FlameBuffalo",True,"FlameBuffalo","BOSS_FlameBuffalo",-1,"","XL",4,"Fire","None","FourLegged","None","None",False,85,100,95,95,100,100,"0,2","0,7",10,3520,"Boss","None",87,87,600,900,343,True,False,"FieldBoss",False,False,350,1,5,25,90,1,False,False,9,False,True,100,50,790,2,0,0,0,0,0,1,0,0,0,0,0,0,"None","None","None","None"
"FlowerDinosaur","PARTNERSKILL_FlowerDinosaur",True,"FlowerDinosaur","BOSS_FlowerDinosaur",-1,"","XL",6,"Leaf","Dragon","Humanoid","None","None",False,110,90,85,90,150,100,"0,4","0,7",10,3240,"NotInterested","None",70,120,550,800,335,True,False,"FieldBoss",False,False,400,1,6,25,90,1,False,False,9,False,True,100,50,820,0,0,2,0,0,0,2,0,0,0,0,0,0,"None","None","None","None"
"FlowerDinosaur_Electric","PARTNERSKILL_FlowerDinosaur_Electric",True,"FlowerDinosaur_Electric","BOSS_FlowerDinosaur_Electric",-1,"","XL",7,"Electricity","Dragon","Humanoid","None","None",False,110,90,90,90,150,100,"0,2","0,7",10,3380,"NotInterested","None",70,120,550,800,335,True,False,"FieldBoss",False,False,400,1,6,25,90,1,False,False,9,False,True,100,50,810,0,0,0,2,0,0,2,0,0,0,0,0,0,"None","None","None","None"
"FlowerDoll","PARTNERSKILL_FlowerDoll",True,"FlowerDoll","BOSS_FlowerDoll",-1,"","XL",8,"Leaf","None","Humanoid","None","None",False,100,100,95,100,100,100,"0,2","0,7",10,3590,"NotInterested","None",100,150,550,700,350,True,False,"FieldBoss",False,False,225,1,3,25,90,1,False,False,9,False,True,100,50,780,0,0,3,0,2,2,0,0,0,2,0,1,0,"None","None","None","None"
"FlowerRabbit","PARTNERSKILL_FlowerRabbit",True,"FlowerRabbit","BOSS_FlowerRabbit",-1,"","M",1,"Leaf","None","Humanoid","None","None",False,75,100,65,70,100,100,"0,2","0,7",10,1220,"NotInterested","None",100,100,400,550,250,True,False,"FieldBoss",False,False,225,1,3,25,90,1,False,False,9,False,True,100,50,1280,0,0,1,0,1,1,0,0,0,1,0,1,0,"None","None","None","None"
"FlyingManta","PARTNERSKILL_FlyingManta",True,"FlyingManta","BOSS_FlyingManta",-1,"","XL",3,"Water","None","Other","None","None",False,80,100,70,80,100,100,"0,4","0,77",10,2860,"NotInterested","None",30,150,550,700,350,True,False,"FieldBoss",False,False,225,1,3,25,90,1,False,False,9,False,True,100,50,870,0,1,0,0,0,0,0,0,0,0,0,1,0,"None","None","None","None"
"FoxMage","PARTNERSKILL_FoxMage",True,"FoxMage","BOSS_FoxMage",-1,"","XL",6,"Fire","None","Humanoid","None","None",False,90,50,110,80,120,100,"0,2","0,7",10,1540,"Boss","None",70,145,440,620,292,True,False,"FieldBoss",False,False,350,1,5,25,90,1,False,False,9,False,True,100,50,1160,2,0,0,0,3,0,0,0,0,0,0,2,0,"None","None","None","None"
"Ganesha","PARTNERSKILL_Ganesha",True,"Ganesha","BOSS_Ganesha",-1,"","XL",1,"Water","None","FourLegged","None","None",False,70,70,60,70,100,100,"0,4","0,91",10,1000,"NotInterested","None",30,60,300,400,180,True,False,"FieldBoss",False,False,150,1,2,25,90,1,False,False,9,False,True,100,50,1490,0,1,0,0,0,0,0,0,0,0,0,0,0,"None","None","None","None"
"GhostBeast","PARTNERSKILL_GhostBeast",True,"GhostBeast","BOSS_GhostBeast",-1,"","XL",6,"Dark","None","FourLegged","None","None",False,75,50,105,80,100,100,"0,2","0,7",10,1570,"Boss","None",100,160,600,900,365,True,False,"FieldBoss",False,False,225,1,3,25,90,1,False,True,9,True,True,100,50,1150,0,0,0,0,0,2,0,1,0,0,0,0,0,"None","None","None","None"
"GoldenHorse","PARTNERSKILL_GoldenHorse",True,"GoldenHorse","BOSS_GoldenHorse",-1,"","XL",0,"Earth","None","FourLegged","None","None",False,100,100,100,100,100,100,"0,2","0,7",10,7960,"Boss","None",-1,-1,-1,-1,-1,True,False,"FieldBoss",False,False,475,1,7,25,90,1,False,False,0,False,True,100,50,0,0,0,0,0,0,2,0,0,3,0,0,0,0,"None","None","None","None"
"GrassDragon","PARTNERSKILL_GrassDragon",True,"GrassDragon","GrassDragon",-1,"","XL",0,"Leaf","None","Humanoid","None","None",False,130,80,120,90,80,100,"0,2","0,7",10,6510,"Boss","None",-1,-1,-1,-1,-1,True,False,"FieldBoss",False,False,475,1,7,25,90,1,False,False,9,False,True,100,50,0,0,0,0,0,0,0,0,0,0,1,0,0,0,"None","None","None","None"
"GrassMammoth","PARTNERSKILL_GrassMammoth",True,"GrassMammoth","BOSS_GrassMammoth",-1,"","XL",8,"Leaf","None","FourLegged","None","None",False,150,100,85,90,30,100,"0,2","0,7",10,9450,"NotInterested","None",100,135,430,700,282,True,False,"FieldBoss",False,False,525,1,8,25,90,1,False,False,9,False,True,100,50,300,0,0,2,0,0,0,2,2,0,0,0,0,0,"None","None","None","None"
"GrassMammoth_Ice","PARTNERSKILL_GrassMammoth_Ice",True,"GrassMammoth_Ice","BOSS_GrassMammoth_Ice",-1,"","XL",9,"Ice","None","FourLegged","None","None",False,150,100,90,90,30,100,"0,2","0,7",10,9710,"NotInterested","None",100,135,430,700,282,True,False,"FieldBoss",False,False,525,1,8,25,90,1,False,False,9,False,True,100,50,290,0,0,0,0,0,0,2,2,0,0,2,0,0,"None","None","None","None"
"GrassPanda","PARTNERSKILL_GrassPanda",True,"GrassPanda","BOSS_GrassPanda",-1,"","XL",6,"Leaf","None","Humanoid","None","None",False,100,100,90,90,100,100,"0,2","0,7",10,6200,"Boss","None",50,100,500,800,275,True,False,"FieldBoss",False,False,350,1,5,25,90,1,False,False,9,False,True,100,50,430,0,0,2,0,2,0,2,0,0,0,0,3,0,"None","None","None","None"
"GrassPanda_Electric","PARTNERSKILL_GrassPanda_Electric",True,"GrassPanda_Electric","BOSS_GrassPanda_Electric",-1,"","XL",7,"Electricity","None","Humanoid","None","None",False,100,100,100,100,100,100,"0,2","0,7",10,6610,"Boss","None",50,100,500,800,275,True,False,"FieldBoss",False,False,350,1,5,25,90,1,False,False,9,False,True,100,50,390,0,0,0,2,2,0,2,0,0,0,0,3,0,"None","None","None","None"
"GrassRabbitMan","PARTNERSKILL_GrassRabbitMan",True,"GrassRabbitMan","BOSS_GrassRabbitMan",-1,"","XL",8,"Leaf","None","Humanoid","None","None",False,90,100,115,90,100,100,"0,2","0,7",10,2200,"Boss","None",50,195,500,700,275,True,False,"FieldBoss",False,False,225,1,3,25,90,1,False,False,9,False,True,100,50,990,0,0,2,0,3,3,2,0,0,0,0,2,0,"None","None","None","None"
"GuardianDog","PARTNERSKILL_GuardianDog",True,"GuardianDog","GuardianDog",-1,"","XL",0,"Normal","None","FourLegged","None","None",False,90,80,80,90,110,100,"0,2","0,7",10,1510,"Boss","None",-1,-1,-1,-1,-1,True,False,"FieldBoss",False,False,350,1,5,25,90,1,False,False,9,False,True,100,50,0,0,0,0,0,0,0,0,0,0,0,0,0,0,"None","None","None","None"
"HawkBird","PARTNERSKILL_HawkBird",True,"HawkBird","BOSS_HawkBird",-1,"","S",3,"Normal","None","Bird","None","None",False,100,100,95,80,100,100,"0,4","0,7",10,6300,"Boss","None",150,150,600,850,450,True,False,"FieldBoss",False,False,475,1,7,25,90,1,False,False,9,True,True,100,50,420,0,0,0,0,0,2,0,0,0,0,0,0,0,"None","None","None","None"
"Hedgehog","PARTNERSKILL_Hedgehog",True,"Hedgehog","BOSS_Hedgehog",-1,"","S",1,"Electricity","None","FourLegged","None","None",False,70,70,75,70,100,100,"0,4","0,84",10,1060,"NotInterested","None",30,60,400,550,215,True,False,"FieldBoss",False,False,150,1,2,25,90,1,False,False,9,False,True,100,50,1370,0,0,0,1,0,0,0,0,0,0,0,0,0,"None","None","None","None"
"Hedgehog_Ice","PARTNERSKILL_Hedgehog_Ice",True,"Hedgehog_Ice","BOSS_Hedgehog_Ice",-1,"","XL",2,"Ice","None","FourLegged","None","None",False,70,70,75,80,100,100,"0,2","0,7",10,1070,"NotInterested","None",30,60,400,550,215,True,False,"FieldBoss",False,False,150,1,2,25,90,1,False,False,9,False,True,100,50,1360,0,0,0,0,0,0,0,0,0,0,1,0,0,"None","None","None","None"
"IceDeer","PARTNERSKILL_IceDeer",True,"IceDeer","BOSS_IceDeer",-1,"","XL",4,"Ice","None","FourLegged","None","None",False,100,80,85,110,100,100,"0,2","0,7",10,2800,"Boss","None",35,70,550,800,310,True,False,"FieldBoss",False,False,475,1,7,25,90,1,False,False,9,False,True,100,50,880,0,0,0,0,0,0,2,0,0,0,2,0,0,"None","None","None","None"
"IceFox","PARTNERSKILL_IceFox",True,"IceFox","BOSS_IceFox",-1,"","XL",5,"Ice","None","FourLegged","None","None",False,90,100,95,105,100,100,"0,2","0,7",10,3730,"NotInterested","None",65,130,600,750,315,True,False,"FieldBoss",False,False,225,1,3,25,90,1,False,False,9,False,True,100,50,760,0,0,0,0,0,0,0,0,0,0,2,0,0,"None","None","None","None"
"Kelpie","PARTNERSKILL_Kelpie",True,"Kelpie","BOSS_Kelpie",-1,"","L",1,"Water","None","Dragon","None","None",False,70,100,70,70,100,100,"0,2","0,7",10,1260,"NotInterested","None",50,100,700,900,400,True,False,"FieldBoss",False,False,100,1,1,25,90,1,False,False,9,False,True,100,50,1260,0,1,0,0,0,0,0,0,0,0,0,0,0,"None","None","None","None"
"Kelpie_Fire","PARTNERSKILL_Kelpie_Fire",True,"Kelpie_Fire","BOSS_Kelpie_Fire",-1,"","L",2,"Fire","None","Dragon","None","None",False,70,100,70,70,100,100,"0,2","0,7",10,1240,"NotInterested","None",50,100,700,900,400,True,False,"FieldBoss",False,False,100,1,1,25,90,1,False,False,9,False,True,100,50,1270,1,0,0,0,0,0,0,0,0,0,0,0,0,"None","None","None","None"
"KingAlpaca","PARTNERSKILL_KingAlpaca",True,"KingAlpaca","BOSS_KingAlpaca",-1,"","XL",8,"Normal","None","FourLegged","None","None",False,120,100,85,90,100,100,"0,2","0,7",10,5800,"NotInterested","None",80,80,500,800,290,True,False,"FieldBoss",False,False,475,1,7,25,90,1,False,False,9,False,True,100,90,470,0,0,0,0,0,1,0,0,0,0,0,0,0,"None","None","None","None"
"KingAlpaca_Ice","PARTNERSKILL_KingAlpaca_Ice",True,"KingAlpaca_Ice","BOSS_KingAlpaca_Ice",-1,"","XL",9,"Ice","None","FourLegged","None","None",False,120,100,85,90,100,100,"0,2","0,7",10,6100,"NotInterested","None",80,80,500,800,290,True,False,"FieldBoss",False,False,475,1,7,25,90,1,False,False,9,False,True,100,90,440,0,0,0,0,0,1,0,0,0,0,3,0,0,"None","None","None","None"
"Kirin","PARTNERSKILL_Kirin",True,"Kirin","BOSS_Kirin",-1,"","XL",5,"Electricity","None","FourLegged","None","None",False,80,110,105,105,100,100,"0,2","0,63",10,4280,"Boss","None",80,130,720,1200,425,True,False,"FieldBoss",False,False,350,1,5,25,90,1,False,False,9,False,True,100,50,680,0,0,0,2,0,0,1,0,0,0,0,0,0,"None","None","None","None"
"Kitsunebi","PARTNERSKILL_Kitsunebi",True,"Kitsunebi","BOSS_Kitsunebi",-1,"","S",1,"Fire","None","FourLegged","None","None",False,65,70,75,70,100,100,"0,4","0,77",10,2560,"NotInterested","None",40,80,400,550,240,True,False,"FieldBoss",False,False,150,1,2,25,90,1,False,False,9,False,True,100,50,1400,1,0,0,0,0,0,0,0,0,0,0,0,0,"None","None","None","None"
"LavaGirl","PARTNERSKILL_LavaGirl",True,"LavaGirl","BOSS_LavaGirl",-1,"","S",1,"Fire","None","Humanoid","None","None",False,60,100,70,80,100,100,"0,2","0,77",10,2500,"NotInterested","None",65,98,250,375,140,True,False,"FieldBoss",False,False,150,1,2,25,90,1,False,False,9,False,True,100,50,1405,1,0,0,0,1,0,0,0,0,0,0,1,1,"None","None","None","None"
"LazyCatfish","PARTNERSKILL_LazyCatfish",True,"LazyCatfish","BOSS_LazyCatfish",-1,"","XL",4,"Earth","None","Fish","None","None",False,100,100,70,95,100,100,"0,4","0,7",10,4690,"NotInterested","None",100,150,450,600,300,True,False,"FieldBoss",False,False,300,1,4,25,90,1,False,False,9,False,True,100,50,895,0,1,0,0,0,0,0,2,1,0,0,1,0,"None","None","None","None"
"LazyDragon_Electric","PARTNERSKILL_LazyDragon_Electric",True,"LazyDragon_Electric","BOSS_LazyDragon_Electric",-1,"","XL",9,"Dragon","Electricity","Monster","None","None",False,110,110,110,75,100,100,"0,2","0,7",10,10380,"Boss","None",40,60,650,900,150,True,False,"FieldBoss",False,False,475,1,7,25,90,1,False,False,9,True,True,100,50,270,0,0,0,3,0,0,0,0,0,0,0,1,0,"None","None","None","None"
"LilyQueen_Dark","PARTNERSKILL_LilyQueen_Dark",True,"LilyQueen_Dark","BOSS_LilyQueen_Dark",-1,"","XL",10,"Dark","None","Humanoid","None","None",False,110,100,110,115,100,100,"0,2","0,7",10,7610,"Boss","None",60,100,450,550,275,True,False,"FieldBoss",False,False,400,1,6,25,90,1,False,False,9,False,True,100,30,210,0,0,0,0,3,2,0,0,0,3,0,0,0,"None","None","None","None"
"LittleBriarRose","PARTNERSKILL_LittleBriarRose",True,"LittleBriarRose","BOSS_LittleBriarRose",-1,"","XL",1,"Leaf","None","Humanoid","None","None",False,80,80,80,80,100,100,"0,2","0,7",10,1140,"NotInterested","None",50,100,400,550,250,True,False,"FieldBoss",False,False,350,1,5,25,90,1,False,False,9,False,True,100,50,1320,0,0,1,0,1,1,0,0,0,2,0,1,0,"None","None","None","None"
"LizardMan","PARTNERSKILL_LizardMan",True,"LizardMan","BOSS_LizardMan",-1,"","XL",2,"Dark","None","Humanoid","None","None",False,80,90,80,50,100,100,"0,4","0,7",10,1720,"Boss","None",100,140,600,800,270,True,False,"FieldBoss",False,False,225,1,3,25,90,1,False,True,9,True,True,100,50,1120,0,0,0,0,1,1,0,0,0,0,0,1,0,"None","None","None","None"
"LizardMan_Fire","PARTNERSKILL_LizardMan_Fire",True,"LizardMan_Fire","BOSS_LizardMan_Fire",-1,"","XL",3,"Fire","None","Humanoid","None","None",False,80,90,80,50,100,100,"0,2","0,7",10,1640,"Boss","None",100,140,400,550,270,True,False,"FieldBoss",False,False,225,1,3,25,90,1,False,False,9,True,True,100,50,1140,1,0,0,0,1,1,0,0,0,0,0,1,0,"None","None","None","None"
"Manticore","PARTNERSKILL_Manticore",True,"Manticore","BOSS_Manticore",-1,"","XL",7,"Fire","None","FourLegged","None","None",False,105,100,110,80,100,100,"0,2","0,7",10,4040,"Boss","None",90,180,750,1000,465,True,False,"FieldBoss",False,False,475,1,7,25,90,1,False,False,9,True,True,100,50,710,3,0,0,0,0,0,2,0,0,0,0,0,0,"None","None","None","None"
"Manticore_Dark","PARTNERSKILL_Manticore_Dark",True,"Manticore_Dark","BOSS_Manticore_Dark",-1,"","XL",8,"Fire","Dark","FourLegged","None","None",False,105,100,115,80,100,100,"0,2","0,7",10,4360,"Boss","None",60,90,750,1000,420,True,False,"FieldBoss",False,False,475,1,7,25,90,1,False,True,9,True,True,100,50,670,3,0,0,0,0,0,2,0,0,0,0,0,0,"None","None","None","None"
"Monkey","PARTNERSKILL_Monkey",True,"Monkey","BOSS_Monkey",-1,"","S",1,"Leaf","None","Humanoid","None","None",False,80,100,70,70,100,100,"0,4","0,77",10,1280,"NotInterested","None",48,48,300,400,174,True,False,"FieldBoss",False,False,150,1,2,25,90,1,False,False,9,False,True,100,50,1250,0,0,1,0,1,1,1,0,0,0,0,1,0,"None","None","None","None"
"MopBaby","PARTNERSKILL_MopBaby",True,"MopBaby","BOSS_MopBaby",-1,"","S",1,"Ice","None","Other","None","None",False,60,100,60,60,100,100,"0,4","0,77",10,1110,"NotInterested","None",55,100,250,400,175,True,False,"FieldBoss",False,False,150,1,2,25,90,1,False,False,9,False,True,100,50,1300,0,0,0,0,0,1,0,0,0,0,1,0,0,"None","None","None","None"
"MopKing","PARTNERSKILL_MopKing",True,"MopKing","BOSS_MopKing",-1,"","XL",6,"Ice","None","Other","None","None",False,100,100,90,90,100,100,"0,4","0,7",10,6000,"NotInterested","None",60,120,300,600,210,True,False,"FieldBoss",False,False,225,1,3,25,90,1,False,False,9,False,True,100,50,410,0,0,0,0,0,2,0,0,0,0,2,0,0,"None","None","None","None"
"Mutant","PARTNERSKILL_Mutant",True,"Mutant","BOSS_Mutant",-1,"","XL",6,"Normal","None","Humanoid","None","None",False,90,80,100,90,100,100,"0,2","0,7",10,1760,"Boss","None",80,130,500,650,315,True,False,"FieldBoss",False,False,150,1,2,25,90,1,False,False,9,False,True,100,50,1110,0,0,0,0,3,1,0,0,0,0,0,1,0,"None","None","None","None"
"NaughtyCat","PARTNERSKILL_NaughtyCat",True,"NaughtyCat","BOSS_NaughtyCat",-1,"","XL",6,"Normal","None","FourLegged","None","None",False,110,100,80,80,100,100,"0,2","0,7",10,5510,"NotInterested","None",32,64,600,900,332,True,False,"FieldBoss",False,False,300,1,4,25,90,1,False,False,9,False,True,100,50,510,0,0,0,0,0,2,0,0,0,0,0,0,0,"None","None","None","None"
"NegativeKoala","PARTNERSKILL_NegativeKoala",True,"NegativeKoala","BOSS_NegativeKoala",-1,"","M",1,"Dark","None","Humanoid","None","None",False,70,70,70,70,100,100,"0,4","0,7",10,1050,"Boss","None",10,10,300,400,100,True,False,"FieldBoss",False,False,150,1,2,25,90,1,False,True,9,False,True,100,50,1380,0,0,0,0,1,0,0,1,0,0,0,1,0,"None","None","None","None"
"NegativeOctopus","PARTNERSKILL_NegativeOctopus",True,"NegativeOctopus","BOSS_NegativeOctopus",-1,"","XL",1,"Dark","None","Other","None","None",False,60,100,60,70,100,100,"0,4","0,7",10,1200,"NotInterested","None",60,120,400,550,260,True,False,"FieldBoss",False,False,225,1,3,25,90,1,False,True,9,False,True,100,50,1290,0,0,0,0,0,1,0,0,0,0,0,2,0,"None","None","None","None"
"NightFox","PARTNERSKILL_NightFox",True,"NightFox","BOSS_NightFox",-1,"","M",6,"Dark","None","FourLegged","None","None",False,75,70,85,70,140,100,"0,4","0,7",10,1480,"NotInterested","None",30,60,300,500,164,True,False,"FieldBoss",False,False,150,1,2,25,90,1,False,False,9,False,True,100,50,1180,0,0,0,0,0,1,0,0,0,0,0,0,0,"None","None","None","None"
"Penguin","PARTNERSKILL_Penguin",True,"Penguin","BOSS_Penguin",-1,"","M",1,"Ice","Water","Humanoid","None","None",False,70,70,75,70,100,100,"0,4","0,63",10,1080,"NotInterested","None",30,60,500,650,265,True,False,"FieldBoss",False,False,150,1,2,25,90,1,False,False,9,False,True,100,50,1350,0,1,0,0,1,0,0,0,0,0,1,1,0,"None","None","None","None"
"PinkKangaroo","PARTNERSKILL_PinkKangaroo",True,"PinkKangaroo","BOSS_PinkKangaroo",-1,"","XL",0,"Normal","None","Humanoid","None","None",False,100,100,100,100,100,100,"0,2","0,7",10,3660,"Boss","None",-1,-1,-1,-1,-1,True,False,"FieldBoss",False,False,350,1,5,25,90,1,False,False,9,False,True,100,50,0,0,0,0,0,0,0,0,0,0,0,0,0,0,"None","None","None","None"
"PinkRabbit","PARTNERSKILL_PinkRabbit",True,"PinkRabbit","BOSS_PinkRabbit",-1,"","S",1,"Normal","None","Humanoid","None","None",False,75,100,65,70,100,100,"0,2","0,7",10,1160,"NotInterested","None",50,100,245,350,172,True,False,"FieldBoss",False,False,150,1,2,25,90,1,False,False,9,False,True,100,50,1310,0,0,0,0,1,1,0,0,0,0,0,1,0,"None","None","None","None"
"PlantSlime","PARTNERSKILL_PlantSlime",True,"PlantSlime","BOSS_PlantSlime",-1,"","XL",1,"Earth","Leaf","Other","None","None",False,70,100,70,70,100,100,"0,4","0,91",10,1310,"NotInterested","None",50,50,300,400,175,True,False,"FieldBoss",False,False,100,1,1,25,90,1,False,False,9,False,True,100,50,1240,0,0,1,0,0,0,0,0,0,0,0,0,0,"None","None","None","None"
"PlantSlime","PARTNERSKILL_PlantSlime",True,"PlantSlime","BOSS_PlantSlime_Flower",-1,"","XL",1,"Earth","Leaf","Other","None","None",False,70,100,70,70,100,100,"0,4","0,91",10,1310,"NotInterested","None",50,50,300,400,175,True,False,"FieldBoss",False,False,100,1,1,25,90,1,False,False,9,False,True,100,50,1240,0,0,1,0,0,0,0,0,0,0,0,0,0,"None","None","None","None"
"QueenBee","PARTNERSKILL_QueenBee",True,"QueenBee","BOSS_QueenBee",-1,"","XL",8,"Leaf","None","Humanoid","None","None",False,90,100,105,100,100,100,"0,2","0,7",10,6830,"Boss","None",150,250,450,550,350,True,False,"FieldBoss",False,False,475,1,7,25,90,1,False,False,9,False,True,100,10,330,0,0,2,0,2,2,1,0,0,2,0,0,0,"None","None","None","None"
"RaijinDaughter","PARTNERSKILL_RaijinDaughter",True,"RaijinDaughter","BOSS_RaijinDaughter",-1,"","XL",2,"Electricity","None","Humanoid","None","None",False,70,110,80,70,100,100,"0,2","0,7",10,1390,"NotInterested","None",120,200,400,550,300,True,False,"FieldBoss",False,False,150,1,2,25,90,1,False,False,9,False,True,100,20,1210,0,0,0,1,1,0,0,0,0,0,0,1,0,"None","None","None","None"
"RobinHood","PARTNERSKILL_RobinHood",True,"RobinHood","BOSS_RobinHood",-1,"","XL",0,"Leaf","None","Humanoid","None","None",False,90,100,105,80,100,100,"0,2","0,7",10,2050,"Boss","None",100,100,600,750,400,True,False,"FieldBoss",False,False,225,1,3,25,90,1,False,False,9,False,True,100,50,1020,0,0,1,0,2,2,1,0,0,1,0,2,0,"None","None","None","None"
"RobinHood_Ground","PARTNERSKILL_RobinHood_Ground",True,"RobinHood_Ground","BOSS_RobinHood_Ground",-1,"","XL",6,"Leaf","Earth","Humanoid","None","None",False,90,100,105,80,100,100,"0,2","0,7",10,2150,"Boss","None",100,100,600,750,400,True,False,"FieldBoss",False,False,225,1,3,25,90,1,False,False,9,False,True,100,50,1000,0,0,0,0,2,2,1,0,0,1,0,2,0,"None","None","None","None"
"Ronin","PARTNERSKILL_Ronin",True,"Ronin","BOSS_Ronin",-1,"","XL",7,"Fire","None","Humanoid","None","None",False,80,100,125,80,100,100,"0,2","0,7",10,4520,"Boss","None",80,160,600,900,320,True,False,"FieldBoss",False,False,300,1,4,25,90,1,False,False,9,False,True,100,50,640,2,0,0,0,1,1,3,0,0,0,0,2,0,"None","None","None","None"
"SakuraSaurus","PARTNERSKILL_SakuraSaurus",True,"SakuraSaurus","BOSS_SakuraSaurus",-1,"","XL",7,"Leaf","None","FourLegged","None","None",False,120,80,90,100,120,100,"0,2","0,7",10,2920,"NotInterested","None",50,75,350,600,200,True,False,"FieldBoss",False,False,475,1,7,25,90,1,False,False,9,False,True,100,50,860,0,0,3,0,0,0,0,0,0,0,0,0,0,"None","None","None","None"
"SakuraSaurus_Water","PARTNERSKILL_SakuraSaurus_Water",True,"SakuraSaurus_Water","BOSS_SakuraSaurus_Water",-1,"","XL",8,"Leaf","Water","FourLegged","None","None",False,120,80,95,100,120,100,"0,2","0,7",10,3110,"NotInterested","None",50,75,350,600,200,True,False,"FieldBoss",False,False,475,1,7,25,90,1,False,False,9,False,True,100,50,840,0,3,0,0,0,0,0,0,0,0,0,0,0,"None","None","None","None"
"ScorpionMan","PARTNERSKILL_ScorpionMan",True,"ScorpionMan","BOSS_ScorpionMan",-1,"","XL",0,"Dark","None","Humanoid","None","None",False,100,100,100,100,100,100,"0,2","0,7",10,8080,"Boss","None",-1,-1,-1,-1,-1,True,False,"FieldBoss",False,False,300,1,4,25,90,1,False,True,9,False,True,100,50,0,0,0,0,0,0,1,3,0,2,1,0,0,0,"None","None","None","None"
"Serpent","PARTNERSKILL_Serpent",True,"Serpent","BOSS_Serpent",-1,"","XL",4,"Water","None","Fish","None","None",False,90,70,90,80,100,100,"0,2","0,7",10,5050,"NotInterested","None",100,200,500,750,350,True,False,"FieldBoss",False,False,350,1,5,25,90,1,False,False,9,True,True,100,50,560,0,2,0,0,0,0,0,0,0,0,0,0,0,"None","None","None","None"
"Serpent_Ground","PARTNERSKILL_Serpent_Ground",True,"Serpent_Ground","BOSS_Serpent_Ground",-1,"","XL",5,"Earth","None","Fish","None","None",False,90,70,90,100,100,100,"0,2","0,7",10,5140,"NotInterested","None",100,200,500,750,350,True,False,"FieldBoss",False,False,350,1,5,25,90,1,False,False,9,True,True,100,50,550,0,0,0,0,0,1,0,0,0,0,0,0,0,"None","None","None","None"
"SharkKid","PARTNERSKILL_SharkKid",True,"SharkKid","BOSS_SharkKid",-1,"","M",2,"Water","None","Humanoid","None","None",False,90,90,90,75,100,100,"0,2","0,7",10,1840,"Boss","None",50,80,400,500,120,True,False,"FieldBoss",False,False,225,1,3,25,90,1,False,False,9,True,True,100,50,1090,0,2,0,0,1,0,0,0,0,0,0,1,0,"None","None","None","None"
"SharkKid_Fire","PARTNERSKILL_SharkKid_Fire",True,"SharkKid_Fire","BOSS_SharkKid_Fire",-1,"","M",3,"Fire","None","Humanoid","None","None",False,90,90,90,75,100,100,"0,2","0,7",10,1800,"Boss","None",50,80,400,500,120,True,False,"FieldBoss",False,False,225,1,3,25,90,1,False,False,9,True,True,100,50,1100,2,0,0,0,1,0,0,0,0,0,0,1,0,"None","None","None","None"
"SheepBall","PARTNERSKILL_SheepBall",True,"SheepBall","BOSS_SheepBall",-1,"","M",1,"Normal","None","Humanoid","None","None",False,70,70,70,70,100,100,"0,4","1,05",10,1000,"NotInterested","None",23,40,400,550,160,True,False,"FieldBoss",False,False,150,1,2,25,90,1,False,False,9,False,True,100,50,1470,0,0,0,0,1,0,0,0,0,0,0,1,1,"None","None","None","None"
"SifuDog","PARTNERSKILL_SifuDog",True,"SifuDog","BOSS_SifuDog",-1,"","XL",0,"Normal","None","Humanoid","None","None",False,100,100,100,100,100,100,"0,2","0,7",10,4440,"Boss","None",-1,-1,-1,-1,-1,True,False,"FieldBoss",False,False,300,1,4,25,90,1,False,False,9,False,True,100,50,0,0,0,0,0,3,2,2,0,0,1,0,2,0,"None","None","None","None"
"SoldierBee","PARTNERSKILL_SoldierBee",True,"SoldierBee","BOSS_SoldierBee",-1,"","XL",4,"Leaf","None","Humanoid","None","None",False,80,100,90,90,100,100,"0,2","0,7",10,1880,"Boss","None",125,250,450,550,350,True,False,"FieldBoss",False,False,225,1,3,25,90,1,False,False,9,False,True,100,10,1070,0,0,1,0,1,1,1,0,0,1,0,2,1,"None","None","None","None"
"SweetsSheep","PARTNERSKILL_SweetsSheep",True,"SweetsSheep","BOSS_SweetsSheep",-1,"","XL",3,"Normal","None","FourLegged","None","None",False,70,70,70,90,100,100,"0,2","0,7",10,1450,"NotInterested","None",50,100,300,400,200,True,False,"FieldBoss",False,False,150,1,2,25,90,1,False,False,9,False,True,100,50,1190,0,0,0,0,0,0,0,0,0,0,0,0,1,"None","None","None","None"
"TentacleTurtle","PARTNERSKILL_TentacleTurtle",True,"TentacleTurtle","BOSS_TentacleTurtle",-1,"","XL",0,"Water","None","Other","None","None",False,100,100,100,100,100,100,"0,2","0,7",10,2300,"Boss","None",-1,-1,-1,-1,-1,True,False,"FieldBoss",False,False,300,1,4,25,90,1,False,False,9,False,True,100,50,0,0,0,0,0,0,0,0,1,0,0,0,2,0,"None","None","None","None"
"ThunderDog","PARTNERSKILL_ThunderDog",True,"ThunderDog","BOSS_ThunderDog",-1,"","XL",5,"Electricity","None","FourLegged","None","None",False,90,100,100,80,100,100,"0,2","0,7",10,3880,"Boss","None",110,210,700,1200,455,True,False,"FieldBoss",False,False,350,1,5,25,90,1,False,False,9,True,True,100,50,740,0,0,0,2,0,0,0,0,0,0,0,0,0,"None","None","None","None"
"Umihebi_Fire","PARTNERSKILL_Umihebi_Fire",True,"Umihebi_Fire","BOSS_Umihebi_Fire",-1,"","XL",9,"Dragon","Fire","Fish","None","None",False,130,150,130,100,100,100,"0,2","0,7",10,9320,"Boss","None",100,175,525,800,350,True,False,"FieldBoss",False,False,475,1,7,25,90,1,False,False,9,True,True,100,50,315,4,0,0,0,0,0,0,0,0,0,0,0,0,"None","None","None","None"
"VioletFairy","PARTNERSKILL_VioletFairy",True,"VioletFairy","BOSS_VioletFairy",-1,"","XL",8,"Leaf","None","Humanoid","None","None",False,100,100,100,120,100,100,"0,2","0,7",10,1960,"NotInterested","None",100,150,400,550,275,True,False,"FieldBoss",False,False,225,1,3,25,90,1,False,False,9,False,True,100,50,1050,0,0,2,0,2,2,0,0,0,3,0,1,0,"None","None","None","None"
"VolcanicMonster","PARTNERSKILL_VolcanicMonster",True,"VolcanicMonster","BOSS_VolcanicMonster",-1,"","XL",0,"Fire","Earth","FourLegged","None","None",False,110,100,105,120,100,100,"0,2","0,7",10,6940,"Boss","None",50,80,390,650,235,True,False,"FieldBoss",False,False,350,1,5,25,90,1,False,False,9,True,True,100,50,320,3,0,0,0,0,0,0,3,0,0,0,0,0,"None","None","None","None"
"VolcanicMonster_Ice","PARTNERSKILL_VolcanicMonster_Ice",True,"VolcanicMonster_Ice","BOSS_VolcanicMonster_Ice",-1,"","XL",7,"Ice","Earth","FourLegged","None","None",False,110,100,105,130,100,100,"0,2","0,7",10,7380,"Boss","None",50,80,390,650,235,True,False,"FieldBoss",False,False,350,1,5,25,90,1,False,False,9,True,True,100,50,230,0,0,0,0,0,0,0,3,0,0,3,0,0,"None","None","None","None"
"WaterLizard","PARTNERSKILL_WaterLizard",True,"WaterLizard","BOSS_WaterLizard",-1,"","XL",0,"Fire","None","Humanoid","None","None",False,90,120,90,90,80,100,"0,2","0,7",10,4040,"Boss","None",-1,-1,-1,-1,-1,True,False,"FieldBoss",False,False,350,1,5,25,90,1,False,False,9,False,True,100,50,0,0,0,0,0,0,0,0,0,0,0,0,0,0,"None","None","None","None"
"WeaselDragon","PARTNERSKILL_WeaselDragon",True,"WeaselDragon","BOSS_WeaselDragon",-1,"","XL",4,"Ice","Dragon","FourLegged","None","None",False,90,100,80,80,100,100,"0,4","0,7",10,3310,"NotInterested","None",100,180,600,900,390,True,False,"FieldBoss",False,False,225,1,3,25,90,1,False,False,9,False,True,100,50,800,0,0,0,0,0,1,0,0,0,0,1,0,0,"None","None","None","None"
"Werewolf","PARTNERSKILL_Werewolf",True,"Werewolf","BOSS_Werewolf",-1,"","XL",3,"Dark","None","Humanoid","None","None",False,80,130,100,80,100,100,"0,2","0,7",10,2400,"Boss","None",100,150,600,800,375,True,False,"FieldBoss",False,False,350,1,5,25,90,1,False,True,9,True,True,100,50,950,0,0,0,0,2,0,0,0,0,0,0,0,0,"None","None","None","None"
"WhiteMoth","PARTNERSKILL_WhiteMoth",True,"WhiteMoth","BOSS_WhiteMoth",-1,"","XL",7,"Ice","None","Humanoid","None","None",False,110,90,90,100,90,100,"0,2","0,7",10,5900,"Boss","None",50,100,400,550,250,True,False,"FieldBoss",False,False,350,1,5,25,90,1,False,False,9,False,True,100,50,450,0,0,0,0,0,0,0,0,0,2,2,0,1,"None","None","None","None"
"WhiteTiger","PARTNERSKILL_WhiteTiger",True,"WhiteTiger","BOSS_WhiteTiger",-1,"","XL",7,"Ice","None","Humanoid","None","None",False,100,140,100,110,100,100,"0,2","0,7",10,8440,"Boss","None",100,280,720,900,460,True,False,"FieldBoss",False,False,475,1,7,25,90,1,False,False,9,True,True,100,50,130,0,0,0,0,1,0,2,0,0,0,3,0,0,"None","None","None","None"
"WindChimes","PARTNERSKILL_WindChimes",True,"WindChimes","BOSS_WindChimes",-1,"","XL",1,"Earth","None","Other","None","None",False,80,70,70,70,100,100,"0,2","0,7",10,1020,"NotInterested","None",50,100,400,550,250,True,False,"FieldBoss",False,False,150,1,2,25,90,1,False,False,9,False,True,100,50,1420,0,0,0,0,1,1,0,0,0,0,0,2,0,"None","None","None","None"
"WindChimes_Ice","PARTNERSKILL_WindChimes_Ice",True,"WindChimes_Ice","BOSS_WindChimes_Ice",-1,"","XL",2,"Ice","None","Other","None","None",False,80,70,80,70,100,100,"0,2","0,7",10,1020,"NotInterested","None",50,100,400,550,250,True,False,"FieldBoss",False,False,150,1,2,25,90,1,False,False,9,False,True,100,50,1422,0,0,0,0,1,1,0,0,0,0,1,2,0,"None","None","None","None"
"WingGolem","PARTNERSKILL_WingGolem",True,"WingGolem","BOSS_WingGolem",-1,"","XL",0,"Earth","None","Humanoid","None","None",False,100,100,100,100,100,100,"0,2","0,7",10,10380,"Boss","None",-1,-1,-1,-1,-1,True,False,"FieldBoss",False,False,475,1,7,25,90,1,False,False,9,False,True,100,50,0,0,0,0,0,1,1,0,3,0,0,0,4,0,"None","None","None","None"
"WizardOwl","PARTNERSKILL_WizardOwl",True,"WizardOwl","BOSS_WizardOwl",-1,"","M",1,"Dark","None","Bird","None","None",False,70,70,70,80,100,100,"0,4","0,7",10,1050,"NotInterested","None",26,70,380,550,225,True,False,"FieldBoss",False,False,225,1,3,25,90,1,False,True,9,False,True,100,50,1390,0,0,0,0,0,1,0,0,0,0,0,0,0,"None","None","None","None"
"WoolFox","PARTNERSKILL_WoolFox",True,"WoolFox","BOSS_WoolFox",-1,"","M",1,"Normal","None","FourLegged","None","None",False,70,100,70,75,100,100,"0,4","0,91",10,1420,"NotInterested","None",20,40,300,450,170,True,False,"FieldBoss",False,False,150,1,2,25,90,1,False,False,9,False,True,100,50,1455,0,0,0,0,0,1,0,0,0,0,0,0,1,"None","None","None","None"
"Yeti","PARTNERSKILL_Yeti",True,"Yeti","BOSS_Yeti",-1,"","XL",7,"Ice","None","Humanoid","None","None",False,140,100,80,100,100,100,"0,2","0,7",10,5900,"Boss","None",70,100,365,650,150,True,False,"FieldBoss",False,False,525,1,8,25,90,1,False,False,9,True,True,100,50,460,0,0,0,0,2,0,3,0,0,0,2,4,0,"None","None","None","None"
"Yeti_Grass","PARTNERSKILL_Yeti_Grass",True,"Yeti_Grass","BOSS_Yeti_Grass",-1,"","XL",8,"Leaf","None","Humanoid","None","None",False,140,100,80,110,100,100,"0,2","0,7",10,5700,"Boss","None",70,100,365,650,150,True,False,"FieldBoss",False,False,525,1,8,25,90,1,False,False,9,True,True,100,50,480,0,0,1,0,2,0,3,0,0,0,0,4,0,"None","None","None","None"
"None","None",True,"BrownRabbit","BrownRabbit",-1,"","S",0,"Earth","None","Humanoid","None","None",False,100,100,100,100,100,100,1,1,1,2350,"Escape_to_Battle","None",-1,-1,-1,-1,-1,False,False,"Cute",False,False,225,1,3,25,90,1,False,False,0,False,True,100,50,0,0,0,0,0,2,2,0,1,1,0,0,1,0,"None","None","None","None"
"None","None",True,"ElecLion","ElecLion",-1,"","M",0,"Electricity","None","FourLegged","None","None",False,100,100,110,70,100,100,1,1,1,4200,"Warlike","None",85,85,800,1000,442,False,False,"Cool",False,False,350,1,5,25,90,1,False,False,0,False,True,100,50,0,2,0,0,0,0,0,0,0,0,0,0,0,0,"None","None","None","None"
"None","None",True,"FeatherOstrich","FeatherOstrich",-1,"","M",0,"Earth","None","Other","None","None",False,100,100,100,100,100,100,1,1,1,4610,"Warlike","None",-1,-1,-1,-1,-1,False,False,"Cool",False,False,300,1,4,25,90,1,False,False,0,False,True,100,50,0,0,0,0,0,0,2,0,0,0,0,0,0,0,"None","None","None","None"
"None","None",True,"GoldenHorse","GoldenHorse",-1,"","L",0,"Earth","None","FourLegged","None","None",False,100,100,100,100,100,100,1,1,1,7960,"Warlike","None",-1,-1,-1,-1,-1,False,False,"Strong",False,False,475,1,7,25,90,1,False,False,0,False,True,100,50,0,0,0,0,0,0,2,0,0,3,0,0,0,0,"None","None","None","None"
"None","None",True,"PinkKangaroo","PinkKangaroo",-1,"","M",0,"Normal","None","Humanoid","None","None",False,100,100,100,100,100,100,1,1,1,3660,"Escape_to_Battle","None",-1,-1,-1,-1,-1,False,False,"Cute",False,False,350,1,5,25,90,1,False,False,0,False,True,100,50,0,0,0,0,0,0,0,0,0,0,0,0,0,0,"None","None","None","None"
"None","None",True,"ScorpionMan","ScorpionMan",-1,"","L",0,"Dark","None","Humanoid","None","None",False,100,100,100,100,100,100,1,1,1,8080,"Warlike","None",-1,-1,-1,-1,-1,False,False,"Cool",False,False,300,1,4,25,90,1,False,True,0,False,True,100,50,0,0,0,0,0,0,1,3,0,2,1,0,0,0,"None","None","None","None"
"None","None",True,"SifuDog","SifuDog",-1,"","M",0,"Normal","None","Humanoid","None","None",False,100,100,100,100,100,100,1,1,1,4440,"NotInterested","None",-1,-1,-1,-1,-1,False,False,"Cute",False,False,300,1,4,25,90,1,False,False,0,False,True,100,50,0,0,0,0,0,3,2,2,0,0,1,0,2,0,"None","None","None","None"
"None","None",True,"TentacleTurtle","TentacleTurtle",-1,"","S",0,"Water","None","Other","None","None",False,100,100,100,100,100,100,1,1,1,2300,"Warlike","None",-1,-1,-1,-1,-1,False,False,"Cool",False,False,300,1,4,25,90,1,False,False,0,False,True,100,50,0,0,0,0,0,0,0,0,1,0,0,0,2,0,"None","None","None","None"
"None","None",True,"WingGolem","WingGolem",-1,"","XL",0,"Earth","None","Humanoid","None","None",False,100,100,100,100,100,100,1,1,1,10380,"Warlike","None",-1,-1,-1,-1,-1,False,False,"Strong",False,False,475,1,7,25,90,1,False,False,0,False,True,100,50,0,0,0,0,0,1,1,0,3,0,0,0,4,0,"None","None","None","None"
"None","None",True,"BeardedDragon","BeardedDragon",-1,"","XL",0,"Dragon","None","Dragon","None","None",False,100,100,100,100,100,100,1,1,1,9970,"Escape","None",-1,-1,-1,-1,-1,False,False,"Strong",False,False,600,1,9,25,90,1,False,False,0,True,True,100,50,0,0,0,0,0,0,0,0,0,0,0,0,0,0,"None","None","None","None"
"None","None",True,"WaterLizard","WaterLizard",-1,"","M",0,"Fire","None","Humanoid","None","None",False,90,120,90,90,80,100,1,1,1,4040,"Warlike","None",-1,-1,-1,-1,-1,False,False,"Cool",False,False,350,1,5,25,90,1,False,False,0,False,True,100,50,0,0,0,0,0,0,0,0,0,0,0,0,0,0,"None","None","None","None"
"None","None",True,"GuardianDog","GuardianDog",-1,"","S",0,"Normal","None","FourLegged","None","None",False,90,80,80,90,110,100,1,1,1,1510,"Warlike","None",-1,-1,-1,-1,-1,False,False,"Cute",False,False,350,1,5,25,90,1,False,False,0,False,True,100,50,0,0,0,0,0,0,0,0,0,0,0,0,0,0,"None","None","None","None"
"None","None",True,"GrassDragon","GrassDragon",-1,"","L",0,"Leaf","None","Humanoid","None","None",False,130,80,120,90,80,100,1,1,1,6510,"Warlike","None",-1,-1,-1,-1,-1,False,False,"Strong",False,False,475,1,7,25,90,1,False,False,0,False,True,100,50,0,0,0,0,0,0,0,0,0,0,1,0,0,0,"None","None","None","None"
"None","None",True,"BlackFurDragon","BlackFurDragon",-1,"","L",10,"Dark","Dragon","Humanoid","None","None",False,130,100,130,110,100,100,1,1,1,8440,"Warlike","None",55,110,560,800,335,False,False,"Strong",False,False,525,1,8,25,90,1,False,True,99,True,True,100,50,0,0,0,0,0,0,0,0,0,0,0,0,3,0,"None","None","None","None"
"None","None",True,"DarkMutant","DarkMutant",-1,"","M",5,"Dark","None","Humanoid","None","None",False,100,100,100,100,100,100,1,1,1,3960,"Warlike","None",100,150,550,700,350,False,False,"Strong",False,False,525,1,8,25,90,1,False,True,99,False,True,100,50,0,0,0,0,0,3,0,0,0,0,3,0,2,0,"None","None","None","None"
"SnowBoss","PARTNERSKILL_lackGriffon",True,"BlackGriffon","GYM_BlackGriffon",-2,"","XL",10,"Dark","None","FourLegged","None","None",False,8000,130,200,220,90,100,1,1,30,9060,"Warlike","None",80,80,850,1100,465,True,True,"TowerBoss",True,True,525,1,8,25,90,1,False,True,9,False,True,100,100,9999,0,0,0,0,0,1,0,0,0,0,0,0,0,"None","None","None","None"
"GrassBoss","PARTNERSKILL_lecPanda",True,"ElecPanda","GYM_ElecPanda",-2,"","XL",8,"Electricity","None","Humanoid","None","None",False,6000,100,100,100,100,100,1,1,30,6610,"Warlike","None",80,140,470,650,287,True,True,"TowerBoss",True,True,475,1,6,25,90,1,False,False,9,True,True,100,0,9999,0,0,0,3,2,0,2,0,0,0,0,3,0,"None","None","None","None"
"DessertBoss","PARTNERSKILL_orus",True,"Horus","GYM_Horus",-2,"","XL",9,"Fire","None","Bird","None","None",False,6500,100,120,125,90,100,1,1,30,6720,"Warlike","None",150,200,1000,1300,500,True,True,"TowerBoss",True,True,525,1,8,25,90,1,False,False,9,False,True,100,100,9999,3,0,0,0,0,0,0,0,0,0,0,3,0,"None","None","None","None"
"ForestBoss","PARTNERSKILL_ilyQueen",True,"LilyQueen","GYM_LilyQueen",-2,"","XL",9,"Leaf","None","Humanoid","None","None",False,5500,100,110,105,100,100,1,1,30,6510,"Warlike","None",60,100,450,650,275,True,True,"TowerBoss",True,True,475,1,6,25,90,1,False,False,9,False,True,100,0,9999,0,0,3,0,2,2,0,0,0,3,0,0,0,"None","None","None","None"
"VolcanoBoss","PARTNERSKILL_hunderDragonMan",True,"ThunderDragonMan","GYM_ThunderDragonMan",-2,"","XL",9,"Dragon","Electricity","Humanoid","None","None",False,6500,100,140,110,100,100,1,1,30,8320,"Warlike","None",100,185,900,1300,542,True,True,"TowerBoss",True,True,475,1,7,25,90,1,False,False,9,False,True,100,100,9999,0,0,0,3,2,0,0,0,0,0,0,3,0,"None","None","None","None"
"Anubis","PARTNERSKILL_Anubis",True,"Anubis","Boss_Anubis",-1,"","XL",10,"Earth","None","Humanoid","None","None",False,120,130,130,100,100,100,"0,2","0,7",10,9190,"Boss","None",80,160,800,1000,480,True,False,"FieldBoss",False,False,400,1,6,25,90,1,False,False,9,True,True,100,50,570,0,0,0,0,4,0,0,3,0,0,0,2,0,"ElementBoost_Earth_2_PAL","None","None","None"
"BlackCentaur","PARTNERSKILL_BlackCentaur",True,"BlackCentaur","BOSS_BlackCentaur",-1,"","XL",20,"Dark","None","FourLegged","None","None",False,260,100,145,120,100,100,"0,1","0,7",10,8930,"Boss","None",100,350,900,1600,625,True,False,"Legend",False,False,600,1,9,25,90,1,False,True,9,False,True,100,50,70,0,0,0,0,0,0,2,2,0,0,0,0,0,"Legend","ElementBoost_Dark_2_PAL","None","None"
"DrillGame","PARTNERSKILL_DrillGame",True,"DrillGame","BOSS_DrillGame",-1,"","XL",5,"Earth","None","FourLegged","None","None",False,80,80,95,120,100,100,"0,2","0,7",10,2980,"Boss","None",75,120,300,420,190,True,False,"FieldBoss",False,False,350,1,5,25,90,1,False,False,9,True,True,100,50,850,0,0,0,0,0,0,0,3,0,0,0,0,0,"Deffence_up1","None","None","None"
"Gorilla","PARTNERSKILL_Gorilla",True,"Gorilla","BOSS_Gorilla",-1,"","XL",5,"Normal","None","Humanoid","None","None",False,90,110,95,90,100,100,"0,2","0,7",10,2010,"Boss","None",66,100,550,720,250,True,False,"FieldBoss",False,False,225,1,3,25,90,1,False,False,9,True,True,100,50,1040,0,0,0,0,1,0,2,0,0,0,0,3,0,"PAL_rude","None","None","None"
"HerculesBeetle","PARTNERSKILL_HerculesBeetle",True,"HerculesBeetle","BOSS_HerculesBeetle",-1,"","XL",8,"Earth","Leaf","Humanoid","None","None",False,120,100,100,120,100,100,"0,2","0,7",10,6830,"Boss","None",55,110,500,600,110,True,False,"FieldBoss",False,False,400,1,6,25,90,1,False,False,9,False,True,100,85,340,0,0,1,0,1,0,3,0,0,0,0,3,0,"Deffence_up1","None","None","None"
"JetDragon","PARTNERSKILL_JetDragon",True,"JetDragon","BOSS_JetDragon",-1,"","XL",20,"Dragon","None","Dragon","None","None",False,330,100,140,110,100,100,"0,1","0,7",10,8680,"Boss","None",600,800,1700,3300,1250,True,False,"Legend",False,False,600,1,9,25,90,1,False,False,9,False,True,100,50,90,0,0,0,0,0,3,0,0,3,0,0,0,0,"Legend","ElementBoost_Dragon_2_PAL","None","None"
"KingBahamut","PARTNERSKILL_KingBahamut",True,"KingBahamut","BOSS_KingBahamut",-1,"","XL",9,"Fire","None","FourLegged","None","None",False,100,150,125,120,50,100,"0,2","0,7",10,10520,"Boss","None",150,400,700,1000,500,True,False,"FieldBoss",False,False,600,1,9,25,90,1,False,False,9,False,True,100,50,10,3,0,0,0,0,0,0,4,0,0,0,0,0,"ElementBoost_Fire_2_PAL","None","None","None"
"LazyDragon","PARTNERSKILL_LazyDragon",True,"LazyDragon","BOSS_LazyDragon",-1,"","XL",8,"Dragon","Water","Monster","None","None",False,110,110,100,70,100,100,"0,2","0,7",10,10240,"Boss","None",40,60,650,900,150,True,False,"FieldBoss",False,False,475,1,7,25,90,1,False,False,9,True,True,100,50,280,0,2,0,0,0,0,0,0,0,0,0,1,0,"PAL_FullStomach_Up_1","None","None","None"
"LilyQueen","PARTNERSKILL_LilyQueen",True,"LilyQueen","BOSS_LilyQueen",-1,"","XL",9,"Leaf","None","Humanoid","None","None",False,110,100,110,105,100,100,"0,2","0,7",10,7160,"Boss","None",60,100,450,550,275,True,False,"FieldBoss",False,False,400,1,6,25,90,1,False,False,9,False,True,100,30,250,0,0,4,0,3,2,0,0,0,3,0,0,0,"ElementBoost_Leaf_2_PAL","None","None","None"
"PInkCat","PARTNERSKILL_PinkCat",True,"PinkCat","BOSS_PinkCat",-1,"","M",1,"Normal","None","Humanoid","None","None",False,70,70,70,70,100,100,"0,4","1,05",10,1000,"NotInterested","None",30,60,400,550,160,True,False,"FieldBoss",False,False,150,1,2,25,90,1,False,False,9,False,True,100,50,1460,0,0,0,0,1,1,0,1,0,0,0,1,0,"PAL_ALLAttack_down1","None","None","None"
"PinkLizard","PARTNERSKILL_PinkLizard",True,"PinkLizard","BOSS_PinkLizard",-1,"","XL",5,"Normal","None","Humanoid","None","None",False,120,70,70,70,140,100,"0,2","0,7",10,2450,"Boss","None",90,170,750,850,460,True,False,"FieldBoss",False,False,350,1,5,25,90,1,False,True,9,False,True,100,30,940,0,0,0,0,2,0,0,1,0,2,0,2,0,"ElementResist_Normal_1_PAL","None","None","None"
"SaintCentaur","PARTNERSKILL_SaintCentaur",True,"SaintCentaur","BOSS_SaintCentaur",-1,"","XL",20,"Normal","None","FourLegged","None","None",False,260,110,120,145,100,100,"0,1","0,7",10,8810,"Boss","None",50,100,800,1400,450,True,False,"Legend",False,False,600,1,9,25,90,1,False,False,9,False,True,100,50,80,0,0,0,0,0,0,2,2,0,0,0,0,0,"Legend","ElementBoost_Normal_2_PAL","None","None"
"ThunderDragonMan","PARTNERSKILL_ThunderDragonMan",True,"ThunderDragonMan","BOSS_ThunderDragonMan",-1,"","XL",9,"Dragon","Electricity","Humanoid","None","None",False,100,100,130,100,100,100,"0,2","0,7",10,8320,"Boss","None",100,185,900,1200,250,True,False,"FieldBoss",False,False,475,1,7,25,90,1,False,False,9,True,True,100,50,140,0,0,0,4,2,0,0,0,0,0,0,3,0,"ElementBoost_Thunder_2_PAL","None","None","None"
"Umihebi","PARTNERSKILL_Umihebi",True,"Umihebi","BOSS_Umihebi",-1,"","XL",8,"Dragon","Water","Fish","None","None",False,130,150,120,100,100,100,"0,2","0,7",10,9320,"Boss","None",100,175,525,800,350,True,False,"FieldBoss",False,False,475,1,7,25,90,1,False,False,9,True,True,100,50,310,0,4,0,0,0,0,0,0,0,0,0,0,0,"ElementBoost_Aqua_2_PAL","None","None","None"
"BirdDragon","PARTNERSKILL_BirdDragon",True,"BirdDragon","BOSS_BirdDragon",-1,"","XL",4,"Fire","Dark","Bird","None","None",False,90,100,115,90,100,100,"0,2","0,7",10,4360,"Boss","None",100,350,700,950,475,True,False,"FieldBoss",False,False,400,1,6,25,90,1,False,True,9,True,True,150,50,660,1,0,0,0,0,0,0,0,0,0,0,3,0,"None","None","None","None"
"BirdDragon_Ice","PARTNERSKILL_BirdDragon_Ice",True,"BirdDragon_Ice","BOSS_BirdDragon_Ice",-1,"","XL",5,"Ice","Dark","Bird","None","None",False,90,100,120,95,100,100,"0,2","0,7",10,4610,"Boss","None",100,350,700,950,475,True,False,"FieldBoss",False,False,400,1,6,25,90,1,False,True,9,True,True,150,50,620,0,0,0,0,0,0,0,0,0,0,2,3,0,"None","None","None","None"
"BlackGriffon","PARTNERSKILL_BlackGriffon",True,"BlackGriffon","BOSS_BlackGriffon",-1,"","XL",10,"Dark","None","FourLegged","None","None",False,120,130,120,140,90,100,"0,2","0,7",10,9060,"Boss","None",80,80,850,1300,465,True,False,"FieldBoss",False,False,525,1,8,25,90,1,False,True,9,False,True,250,50,60,0,0,0,0,0,1,0,0,0,0,0,0,0,"None","None","None","None"
"BlackMetalDragon","PARTNERSKILL_BlackMetalDragon",True,"BlackMetalDragon","BOSS_BlackMetalDragon",-1,"","XL",9,"Dragon","Dark","Monster","None","None",False,100,100,125,125,100,100,"0,2","0,7",10,8200,"Boss","None",100,150,600,900,375,True,False,"FieldBoss",False,False,600,1,9,25,90,1,False,True,9,False,True,300,50,150,0,0,0,0,1,0,0,4,3,0,0,0,0,"Deffence_up1","None","None","None"
"FairyDragon","PARTNERSKILL_FairyDragon",True,"FairyDragon","BOSS_FairyDragon",-1,"","XL",7,"Dragon","None","Humanoid","None","None",False,110,80,80,90,100,100,"0,2","0,7",10,5230,"Boss","None",83,83,630,900,456,True,False,"FieldBoss",False,False,400,1,6,25,90,1,False,False,9,False,True,130,50,540,0,0,0,0,0,0,2,0,0,0,0,0,0,"None","None","None","None"
"FairyDragon_Water","PARTNERSKILL_FairyDragon_Water",True,"FairyDragon_Water","BOSS_FairyDragon_Water",-1,"","XL",8,"Dragon","Water","Humanoid","None","None",False,115,80,80,95,100,100,"0,2","0,7",10,5320,"Boss","None",83,83,630,900,456,True,False,"FieldBoss",False,False,400,1,6,25,90,1,False,False,9,False,True,130,50,530,0,3,0,0,0,0,2,0,0,0,0,0,0,"None","None","None","None"
"Garm","PARTNERSKILL_Garm",True,"Garm","BOSS_Garm",-1,"","M",2,"Normal","None","FourLegged","None","None",False,80,110,90,75,100,100,"0,4","0,7",10,1920,"Boss","None",90,180,800,1050,460,True,False,"FieldBoss",False,False,225,1,3,25,90,1,False,False,9,True,True,70,50,1060,0,0,0,0,0,1,0,0,0,0,0,0,0,"None","None","None","None"
"HadesBird","PARTNERSKILL_HadesBird",True,"HadesBird","BOSS_HadesBird",-1,"","XL",7,"Dark","None","Bird","None","None",False,100,100,125,100,100,100,"0,2","0,7",10,7840,"Boss","None",100,100,700,1200,450,True,False,"FieldBoss",False,False,525,1,8,25,90,1,False,True,9,True,True,170,50,190,0,0,0,0,0,0,0,0,0,0,0,3,0,"None","None","None","None"
"Horus","PARTNERSKILL_Horus",True,"Horus","BOSS_Horus",-1,"","XL",9,"Fire","None","Bird","None","None",False,100,100,105,110,90,100,"0,2","0,7",10,6720,"Boss","None",150,200,1000,1500,500,True,False,"FieldBoss",False,False,525,1,8,25,90,1,False,False,9,False,True,230,50,370,3,0,0,0,0,0,0,0,0,0,0,3,0,"None","None","None","None"
"IceHorse","PARTNERSKILL_IceHorse",True,"IceHorse","BOSS_IceHorse",-1,"","XL",20,"Ice","None","FourLegged","None","None",False,420,100,140,120,70,100,"0,1","0,7",10,8440,"Boss","None",120,120,1000,1600,440,True,False,"Legend",False,False,475,1,7,25,90,1,False,False,9,False,True,300,50,120,0,0,0,0,0,0,0,0,0,0,4,0,0,"Legend","ElementBoost_Ice_2_PAL","None","None"
"IceHorse_Dark","PARTNERSKILL_IceHorse_Dark",True,"IceHorse_Dark","BOSS_IceHorse_Dark",-1,"","XL",20,"Dark","None","FourLegged","None","None",False,420,100,140,135,70,100,"0,1","0,7",10,8560,"Boss","None",120,120,1000,1600,440,True,False,"Legend",False,False,475,1,7,25,90,1,False,True,9,False,True,300,50,100,0,0,0,0,0,4,0,0,0,0,0,0,0,"Legend","None","None","None"
"RedArmorBird","PARTNERSKILL_RedArmorBird",True,"RedArmorBird","BOSS_RedArmorBird",-1,"","XL",7,"Fire","None","Bird","None","None",False,95,100,105,120,100,100,"0,2","0,7",10,6720,"Boss","None",100,200,800,1400,375,True,False,"FieldBoss",False,False,475,1,7,25,90,1,False,False,0,True,True,150,50,380,3,0,0,0,0,0,0,0,0,0,0,3,0,"None","None","None","None"
"SkyDragon","PARTNERSKILL_SkyDragon",True,"SkyDragon","BOSS_SkyDragon",-1,"","XL",7,"Dragon","None","Dragon","None","None",False,105,100,100,100,100,100,"0,2","0,7",10,6830,"Boss","None",120,240,800,1050,470,True,False,"FieldBoss",False,False,300,1,4,25,90,1,False,False,9,False,True,220,50,350,0,0,0,0,1,2,0,2,0,0,0,3,0,"None","None","None","None"
"Suzaku","PARTNERSKILL_Suzaku",True,"Suzaku","BOSS_Suzaku",-1,"","XL",8,"Fire","None","Bird","None","None",False,120,100,105,105,100,100,"0,2","0,7",10,9840,"Boss","None",100,200,850,1200,450,True,False,"FieldBoss",False,False,525,1,8,25,90,1,False,False,9,False,True,350,50,50,3,0,0,0,0,0,0,0,0,0,0,0,0,"None","None","None","None"
"Suzaku_Water","PARTNERSKILL_Suzaku_Water",True,"Suzaku_Water","BOSS_Suzaku_Water",-1,"","XL",9,"Water","None","Bird","None","None",False,125,100,105,105,100,100,"0,2","0,7",10,10110,"Boss","None",100,200,850,1200,450,True,False,"FieldBoss",False,False,525,1,8,25,90,1,False,False,9,False,True,350,50,30,0,3,0,0,0,0,0,0,0,0,0,0,0,"None","None","None","None"
"ThunderBird","PARTNERSKILL_ThunderBird",True,"ThunderBird","BOSS_ThunderBird",-1,"","XL",6,"Electricity","None","Bird","None","None",False,105,100,115,80,100,100,"0,2","0,7",10,7490,"Boss","None",100,200,750,1300,375,True,False,"FieldBoss",False,False,475,1,7,25,90,1,False,False,9,True,True,160,50,220,0,0,0,2,0,1,0,0,0,0,0,3,0,"None","None","None","None"
